{
  "credentialTree": [
    {
      "name": "openbadges 101.json",
      "targetHash": "0x006ad3b32852b1cc6ee5d9bc5601d3de7dc645eb4a25140858192e13bb5b5780b0",
      "child": [],
      "type": "Assertion/openbadges"
    },
    {
      "name": "openbadges 202.json",
      "targetHash": "0x003689607b710a10ed2f58f81d040425eccd87dee8378f123ea1e2b15b59d10819",
      "child": [],
      "type": "Assertion/openbadges"
    },
    {
      "name": "blockcerts.json",
      "targetHash": "0x000ecf61ce76210ac1e725810fbb979d31047d5cbc2515238d7538323c90f267b1",
      "child": [],
      "type": "Assertion/blockcerts"
    },
    {
      "name": "recipientProfile.json",
      "targetHash": "0x00643220695ed155ae6ad677543fbd8d2400822307f68e795a9d0a428a7c68b0b2",
      "child": [
        "blockcerts.json",
        "clr.json"
      ],
      "type": "person"
    },
    {
      "name": "clr.json",
      "targetHash": "0x007c39e88242a3b81306399a17feca38cb700acbab89809666ad0bdeed74f70b75",
      "child": [
        "openbadges 101.json",
        "openbadges 202.json"
      ],
      "type": "ExtendedTranscript/clr"
    }
  ]
}