{
  "credentialTree": [
    {
      "name": "openbadges 101.json",
      "targetHash": "0x00d4f6a475bb39a8142bf1514bf1f13b7153f48acc87ed5dfda8c51582a9231cdd",
      "child": [],
      "type": "Assertion/openbadges"
    },
    {
      "name": "openbadges 202.json",
      "targetHash": "0x008d35ad841ca17cb7a2b08b40f339961fbcb5c5643965912344c6437e2b37972d",
      "child": [],
      "type": "Assertion/openbadges"
    },
    {
      "name": "blockcerts.json",
      "targetHash": "0x00cbb9ae1e55827132adbb98e5508958397df0084931764211e43cc3fc34ce257f",
      "child": [],
      "type": "Assertion/blockcerts"
    },
    {
      "name": "recipientProfile.json",
      "targetHash": "0x00a57553e1ec9a0db72c819934d6c02d39d5f3e59e2d4efb9bc45c58a0dedd639a",
      "child": [
        "blockcerts.json",
        "clr.json"
      ],
      "type": "person"
    },
    {
      "name": "clr.json",
      "targetHash": "0x008cd77354ffedfb9ebb4d9f20d9a4129bc499a0fd17f3e219be2f1ae51c4e643d",
      "child": [
        "openbadges 101.json",
        "openbadges 202.json"
      ],
      "type": "ExtendedTranscript/clr"
    }
  ]
}